﻿<?xml version="1.0" encoding="utf-8"?>
<BuildReasons>
  <Rule ID="$(AS_PROJECT_PATH)\temp\objects\config1\4pp065_0571_p74\program\main.c.o">
    <BuildReason>Target "main.c.o" does not exist</BuildReason>
  </Rule>
  <Rule ID="$(AS_PROJECT_PATH)\temp\objects\config1\4pp065_0571_p74\program\_bur_pvdef.c.o">
    <BuildReason>Target "_bur_pvdef.c.o" does not exist</BuildReason>
  </Rule>
  <Rule ID="$(AS_PROJECT_PATH)\temp\objects\config1\4pp065_0571_p74\program\a.out">
    <BuildReason>Target "a.out" does not exist</BuildReason>
  </Rule>
  <Rule ID="$(AS_PROJECT_PATH)\temp\objects\config1\4pp065_0571_p74\program\program.ox">
    <BuildReason>Target "program.ox" does not exist</BuildReason>
  </Rule>
  <Rule ID="$(AS_PROJECT_PATH)\temp\objects\config1\4pp065_0571_p74\program.br">
    <BuildReason>Target "program.br" does not exist</BuildReason>
  </Rule>
  <Rule ID="#cpu_tp.mak">
    <BuildReason>Rule is forced.</BuildReason>
  </Rule>
  <Rule ID="$(AS_PROJECT_PATH)\binaries\config1\4pp065_0571_p74\transfer.lst">
    <BuildReason>Prerequiste "$(AS_PROJECT_PATH)\temp\objects\config1\4pp065_0571_p74\program.br" differs.
</BuildReason>
  </Rule>
</BuildReasons>